station,Year,Month,PM2.5,PM10,RAIN,PM_Avg,Pollution_Level,Year-Month
Aotizhongxin,2013,3,104.4475806451613,138.54510805283863,0.02620967741935484,121.49634434899997,Unhealthy,2013-03-01
Aotizhongxin,2013,4,62.71805555555556,108.1375,0.01513888888888889,85.42777777777778,Unhealthy,2013-04-01
Aotizhongxin,2013,5,82.90530540544711,139.88844086021504,0.0077956989247311825,111.39687313283108,Unhealthy,2013-05-01
Aotizhongxin,2013,6,103.15877893399859,126.5625,0.13069444444444445,114.86063946699929,Unhealthy,2013-06-01
Aotizhongxin,2013,7,68.88575268817205,85.34895266481706,0.2938172043010753,77.11735267649456,Unhealthy,2013-07-01
Aotizhongxin,2013,8,62.244319369390226,84.45564516129032,0.15806451612903225,73.34998226534027,Unhealthy,2013-08-01
Aotizhongxin,2013,9,78.39551890392545,105.0411399758665,0.07833333333333334,91.71832943989597,Unhealthy,2013-09-01
Aotizhongxin,2013,10,91.78195377799238,119.16196236559139,0.003763440860215054,105.47195807179189,Unhealthy,2013-10-01
Aotizhongxin,2013,11,76.5035378078509,105.62083333333334,0.0,91.06218557059212,Unhealthy,2013-11-01
Aotizhongxin,2013,12,73.19324410057303,104.17405913978494,0.0,88.68365162017898,Unhealthy,2013-12-01
Aotizhongxin,2014,1,89.51430331311555,119.7068042310103,0.0,104.61055377206293,Unhealthy,2014-01-01
Aotizhongxin,2014,2,123.30873841745023,140.1988801114984,0.008482142857142858,131.7538092644743,Unhealthy,2014-02-01
Aotizhongxin,2014,3,95.47177419354838,143.3965053763441,0.0012096774193548388,119.43413978494624,Unhealthy,2014-03-01
Aotizhongxin,2014,4,98.84837767411659,161.4457297712171,0.016666666666666666,130.14705372266684,Unhealthy,2014-04-01
Aotizhongxin,2014,5,71.62007541433236,130.27968162701015,0.08588709677419355,100.94987852067126,Unhealthy,2014-05-01
Aotizhongxin,2014,6,59.50183448955414,61.04261274157754,0.26319444444444445,60.27222361556584,Unhealthy,2014-06-01
Aotizhongxin,2014,7,93.22770870401115,93.60406282148334,0.08158602150537635,93.41588576274725,Unhealthy,2014-07-01
Aotizhongxin,2014,8,68.1001978785654,83.54465158954824,0.10981182795698925,75.82242473405682,Unhealthy,2014-08-01
Aotizhongxin,2014,9,70.07617669673981,102.71430555555555,0.09388888888888888,86.39524112614768,Unhealthy,2014-09-01
Aotizhongxin,2014,10,114.65502724550834,153.58269711331053,0.017741935483870968,134.11886217940943,Unhealthy,2014-10-01
Aotizhongxin,2014,11,86.65033564577496,124.04519661839967,0.0009722222222222222,105.34776613208732,Unhealthy,2014-11-01
Aotizhongxin,2014,12,67.54728368951474,102.68817111162872,0.0,85.11772740057174,Unhealthy,2014-12-01
Aotizhongxin,2015,1,87.70334527770245,111.91669723008549,0.000359436769505126,99.81002125389398,Unhealthy,2015-01-01
Aotizhongxin,2015,2,84.01285962047317,117.05327672107101,0.010516995470999723,100.53306817077208,Unhealthy,2015-02-01
Aotizhongxin,2015,3,86.39801746622835,148.94624444849347,0.008870967741935484,117.6721309573609,Unhealthy,2015-03-01
Aotizhongxin,2015,4,75.81437498576082,130.44756044695484,0.055694444444444435,103.13096771635783,Unhealthy,2015-04-01
Aotizhongxin,2015,5,59.42919466731046,110.01561933148372,0.050134408602150536,84.7224069993971,Unhealthy,2015-05-01
Aotizhongxin,2015,6,63.523717192946485,85.68936871995446,0.13625,74.60654295645047,Unhealthy,2015-06-01
Aotizhongxin,2015,7,66.5671538944045,83.68798702670922,0.2701612903225806,75.12757046055685,Unhealthy,2015-07-01
Aotizhongxin,2015,8,47.97294277947178,71.52575847369809,0.12580645161290324,59.749350626584935,Unhealthy,2015-08-01
Aotizhongxin,2015,9,52.376467973253135,71.66481153393246,0.13722222222222222,62.0206397535928,Unhealthy,2015-09-01
Aotizhongxin,2015,10,71.08883661734585,96.26881720430107,0.019086021505376343,83.67882691082346,Unhealthy,2015-10-01
Aotizhongxin,2015,11,112.85715470006606,125.426617089488,0.052222222222222225,119.14188589477703,Unhealthy,2015-11-01
Aotizhongxin,2015,12,125.56043346429698,146.22048860457994,0.0028225806451612906,135.89046103443846,Unhealthy,2015-12-01
Aotizhongxin,2016,1,65.03324745734311,84.71301496034347,0.0006720430107526882,74.87313120884329,Unhealthy,2016-01-01
Aotizhongxin,2016,2,40.97714718865706,57.03411144432151,0.018103448275862067,49.005629316489284,Unhealthy for Sensitive Groups,2016-02-01
Aotizhongxin,2016,3,92.62809511840744,148.51675572713856,0.0,120.572425422773,Unhealthy,2016-03-01
Aotizhongxin,2016,4,68.08173609687194,112.88417210155475,0.006666666666666668,90.48295409921334,Unhealthy,2016-04-01
Aotizhongxin,2016,5,53.46964418788212,74.10054026419316,0.04583333333333334,63.785092226037634,Unhealthy,2016-05-01
Aotizhongxin,2016,6,58.256709099400815,72.07489269331056,0.09916666666666668,65.16580089635569,Unhealthy,2016-06-01
Aotizhongxin,2016,7,72.65649827145631,79.10786471511607,0.42338709677419356,75.8821814932862,Unhealthy,2016-07-01
Aotizhongxin,2016,8,46.69813881153803,50.00191228384893,0.07244623655913979,48.35002554769348,Unhealthy for Sensitive Groups,2016-08-01
Aotizhongxin,2016,9,57.216064805322034,70.05592807993168,0.16051659263275375,63.635996442626855,Unhealthy,2016-09-01
Aotizhongxin,2016,10,84.20815598673607,99.36516286819331,0.1174731182795699,91.78665942746468,Unhealthy,2016-10-01
Aotizhongxin,2016,11,97.4508912013305,124.52291666666666,0.007361111111111111,110.98690393399858,Unhealthy,2016-11-01
Aotizhongxin,2016,12,116.11528711132571,137.94228547219348,0.0,127.02878629175959,Unhealthy,2016-12-01
Aotizhongxin,2017,1,96.80077098229346,114.75545751520423,0.0014000410236961705,105.77811424874884,Unhealthy,2017-01-01
Aotizhongxin,2017,2,69.02173238451624,84.44471053328454,0.006101190476190475,76.73322145890039,Unhealthy,2017-02-01
Changping,2013,3,93.3010752688172,118.62836021505376,0.031048387096774197,105.96471774193549,Unhealthy,2013-03-01
Changping,2013,4,59.04333262045948,89.49813593162939,0.015555555555555555,74.27073427604444,Unhealthy,2013-04-01
Changping,2013,5,80.71128963270272,116.68010752688173,0.005376344086021506,98.69569857979222,Unhealthy,2013-05-01
Changping,2013,6,80.7759625984252,100.82591370940716,0.14680555555555555,90.80093815391618,Unhealthy,2013-06-01
Changping,2013,7,61.91263440860215,65.27012582301005,0.22930107526881718,63.5913801158061,Unhealthy,2013-07-01
Changping,2013,8,55.196236559139784,67.8489670471675,0.10551075268817205,61.52260180315365,Unhealthy,2013-08-01
Changping,2013,9,70.16944444444445,82.82847222222222,0.12236111111111113,76.49895833333333,Unhealthy,2013-09-01
Changping,2013,10,79.09166597678875,99.13529283706069,0.005376344086021506,89.11347940692471,Unhealthy,2013-10-01
Changping,2013,11,59.579166666666666,81.2375,0.0,70.40833333333333,Unhealthy,2013-11-01
Changping,2013,12,64.90053763440861,80.40188172043011,0.0,72.65120967741936,Unhealthy,2013-12-01
Changping,2014,1,83.25510131798042,106.63670724573146,0.0,94.94590428185595,Unhealthy,2014-01-01
Changping,2014,2,118.14939559638378,133.72936164848602,0.003720238095238095,125.9393786224349,Unhealthy,2014-02-01
Changping,2014,3,81.09677419354838,123.625,0.004435483870967742,102.36088709677419,Unhealthy,2014-03-01
Changping,2014,4,98.4037261187259,133.11911333368778,0.010972222222222222,115.76141972620684,Unhealthy,2014-04-01
Changping,2014,5,53.77661221334788,98.35639498759832,0.08548387096774193,76.0665036004731,Unhealthy,2014-05-01
Changping,2014,6,46.24040561712194,61.48552535058549,0.10513888888888889,53.86296548385371,Unhealthy for Sensitive Groups,2014-06-01
Changping,2014,7,81.63666008930784,100.6424370389912,0.07069892473118279,91.13954856414952,Unhealthy,2014-07-01
Changping,2014,8,56.62419320344814,76.08220143921123,0.05887096774193548,66.35319732132969,Unhealthy,2014-08-01
Changping,2014,9,60.63999893068922,78.9201022393326,0.08472222222222223,69.78005058501091,Unhealthy,2014-09-01
Changping,2014,10,100.02620450333494,126.75947892479978,0.02889784946236559,113.39284171406736,Unhealthy,2014-10-01
Changping,2014,11,72.91763603739348,111.05709041029459,0.0,91.98736322384403,Unhealthy,2014-11-01
Changping,2014,12,50.82459160010912,87.35713735325832,0.0,69.09086447668372,Unhealthy,2014-12-01
Changping,2015,1,87.31195650162906,109.14513267168222,0.0006466377004670156,98.22854458665563,Unhealthy,2015-01-01
Changping,2015,2,82.96532470767544,106.0614424908717,0.00900389634190294,94.51338359927357,Unhealthy,2015-02-01
Changping,2015,3,76.28615108483304,132.99417750214698,0.0001622745960102684,104.64016429349002,Unhealthy,2015-03-01
Changping,2015,4,60.559995722756874,96.3619515214057,0.03777777777777778,78.46097362208128,Unhealthy,2015-04-01
Changping,2015,5,53.617196712418114,86.80935197684565,0.052822580645161286,70.21327434463188,Unhealthy,2015-05-01
Changping,2015,6,57.97512427497489,75.90972095747217,0.10333333333333335,66.94242261622352,Unhealthy,2015-06-01
Changping,2015,7,56.219354148831755,66.65545412738328,0.36451612903225805,61.43740413810752,Unhealthy,2015-07-01
Changping,2015,8,38.931850354503176,55.041807923941,0.09811827956989247,46.98682913922209,Unhealthy for Sensitive Groups,2015-08-01
Changping,2015,9,43.84249429700917,51.87437822229312,0.20833333333333334,47.85843625965114,Unhealthy for Sensitive Groups,2015-09-01
Changping,2015,10,51.51298002960203,71.55733095200675,0.014112903225806451,61.53515549080439,Unhealthy,2015-10-01
Changping,2015,11,89.39152456984544,98.51794560688668,0.09416666666666666,93.95473508836606,Unhealthy,2015-11-01
Changping,2015,12,104.86451198976474,124.53749253935199,0.004166666666666667,114.70100226455835,Unhealthy,2015-12-01
Changping,2016,1,53.42432554241652,78.88748569067982,0.00040322580645161296,66.15590561654817,Unhealthy,2016-01-01
Changping,2016,2,35.84008362580156,55.647421114097845,0.007758620689655173,45.7437523699497,Unhealthy for Sensitive Groups,2016-02-01
Changping,2016,3,67.84569478546365,118.23687712164615,0.0,93.0412859535549,Unhealthy,2016-03-01
Changping,2016,4,56.76680163474936,102.64594264962719,0.012222222222222223,79.70637214218827,Unhealthy,2016-04-01
Changping,2016,5,50.65523676139944,76.19177930530063,0.04865591397849463,63.42350803335003,Unhealthy,2016-05-01
Changping,2016,6,53.245829768964064,67.5809574359247,0.08013888888888888,60.41339360244439,Unhealthy,2016-06-01
Changping,2016,7,54.912765022875725,67.9658315964134,0.3666666666666667,61.439298309644556,Unhealthy,2016-07-01
Changping,2016,8,36.77795422973562,52.681380678278146,0.06532258064516129,44.729667454006886,Unhealthy for Sensitive Groups,2016-08-01
Changping,2016,9,46.08235291306179,58.20807678643931,0.07336467090001492,52.145214849750545,Unhealthy for Sensitive Groups,2016-09-01
Changping,2016,10,77.49408395187162,95.37273621175581,0.11021505376344086,86.43341008181372,Unhealthy,2016-10-01
Changping,2016,11,84.29861111111111,115.77986111111112,0.012777777777777777,100.03923611111111,Unhealthy,2016-11-01
Changping,2016,12,96.42257926540545,116.64356954508914,0.0,106.53307440524729,Unhealthy,2016-12-01
Changping,2017,1,84.1560480421578,101.275749826308,0.000811372980051342,92.71589893423291,Unhealthy,2017-01-01
Changping,2017,2,58.34121527343804,72.59061673999685,0.002976190476190476,65.46591600671744,Unhealthy,2017-02-01
Dingling,2013,3,87.90658602150538,104.13131534489352,0.031048387096774197,96.01895068319945,Unhealthy,2013-03-01
Dingling,2013,4,54.74564369338713,79.65916090250329,0.015555555555555555,67.20240229794521,Unhealthy,2013-04-01
Dingling,2013,5,69.81061946351033,111.09829306387863,0.005376344086021506,90.45445626369448,Unhealthy,2013-05-01
Dingling,2013,6,82.49994164924732,85.70338658322353,0.14680555555555555,84.10166411623543,Unhealthy,2013-06-01
Dingling,2013,7,54.49279958789464,58.23267404054571,0.22930107526881718,56.36273681422017,Unhealthy,2013-07-01
Dingling,2013,8,49.46034946236559,51.66661141569977,0.10551075268817205,50.56348043903268,Unhealthy for Sensitive Groups,2013-08-01
Dingling,2013,9,60.76383053813621,62.073192523056655,0.12236111111111113,61.41851153059643,Unhealthy,2013-09-01
Dingling,2013,10,69.78370950884505,86.7534797483956,0.005376344086021506,78.26859462862032,Unhealthy,2013-10-01
Dingling,2013,11,46.265972222222224,70.01422183794466,0.0,58.14009703008344,Unhealthy,2013-11-01
Dingling,2013,12,50.29434072159209,64.0749189829572,0.0,57.18462985227465,Unhealthy,2013-12-01
Dingling,2014,1,69.34510541382247,95.99531402737048,0.0,82.67020972059647,Unhealthy,2014-01-01
Dingling,2014,2,112.78415749546866,121.21795478072652,0.003720238095238095,117.0010561380976,Unhealthy,2014-02-01
Dingling,2014,3,77.4448783560007,106.2241125313443,0.004435483870967742,91.8344954436725,Unhealthy,2014-03-01
Dingling,2014,4,83.78989849788537,110.41665705972771,0.010972222222222222,97.10327777880654,Unhealthy,2014-04-01
Dingling,2014,5,47.55254700086718,71.46222746398062,0.08548387096774193,59.5073872324239,Unhealthy,2014-05-01
Dingling,2014,6,41.20086373211479,44.464098045674135,0.10513888888888889,42.832480888894466,Unhealthy for Sensitive Groups,2014-06-01
Dingling,2014,7,78.12894079278533,88.36053168430448,0.07069892473118279,83.2447362385449,Unhealthy,2014-07-01
Dingling,2014,8,52.036700902930995,67.81486224446428,0.05887096774193548,59.925781573697634,Unhealthy,2014-08-01
Dingling,2014,9,54.508904088279614,71.27941013394818,0.08472222222222223,62.8941571111139,Unhealthy,2014-09-01
Dingling,2014,10,97.25183260650368,115.2337328403247,0.02889784946236559,106.2427827234142,Unhealthy,2014-10-01
Dingling,2014,11,64.87051179249104,84.80988773605621,0.0,74.84019976427362,Unhealthy,2014-11-01
Dingling,2014,12,45.725608811966744,64.12314032683072,0.0,54.924374569398736,Unhealthy for Sensitive Groups,2014-12-01
Dingling,2015,1,78.93447977970867,89.99736150070126,0.0006466377004670156,84.46592064020496,Unhealthy,2015-01-01
Dingling,2015,2,75.00446428571429,94.08258928571429,0.00900389634190294,84.54352678571429,Unhealthy,2015-02-01
Dingling,2015,3,71.87397443707945,115.08206654553956,0.0001622745960102684,93.47802049130951,Unhealthy,2015-03-01
Dingling,2015,4,56.15582634534052,89.19316205533597,0.03777777777777778,72.67449420033824,Unhealthy,2015-04-01
Dingling,2015,5,46.19143343824143,82.93437911725955,0.052822580645161286,64.5629062777505,Unhealthy,2015-05-01
Dingling,2015,6,50.46148401471327,68.34905440272289,0.10333333333333335,59.40526920871808,Unhealthy,2015-06-01
Dingling,2015,7,49.486559139784944,63.874731182795706,0.36451612903225805,56.68064516129033,Unhealthy,2015-07-01
Dingling,2015,8,35.321137739316704,54.299998140592464,0.09811827956989247,44.81056793995458,Unhealthy for Sensitive Groups,2015-08-01
Dingling,2015,9,38.5331582810753,48.377387736056214,0.20833333333333334,43.455273008565754,Unhealthy for Sensitive Groups,2015-09-01
Dingling,2015,10,50.43597239144991,66.88225434570106,0.014112903225806451,58.65911336857548,Unhealthy,2015-10-01
Dingling,2015,11,84.2984214711649,90.18141167105841,0.09416666666666666,87.23991657111165,Unhealthy,2015-11-01
Dingling,2015,12,97.08501065154358,109.89620149602618,0.004166666666666667,103.49060607378487,Unhealthy,2015-12-01
Dingling,2016,1,50.92442060620887,71.29606708742403,0.00040322580645161296,61.11024384681645,Unhealthy,2016-01-01
Dingling,2016,2,33.73691805839825,50.13456538776066,0.007758620689655173,41.93574172307946,Unhealthy for Sensitive Groups,2016-02-01
Dingling,2016,3,69.03610680005205,116.44440451145394,0.0,92.740255655753,Unhealthy,2016-03-01
Dingling,2016,4,60.52055616725811,109.51857872200263,0.012222222222222223,85.01956744463037,Unhealthy,2016-04-01
Dingling,2016,5,50.183758622771485,80.64281365548898,0.04865591397849463,65.41328613913024,Unhealthy,2016-05-01
Dingling,2016,6,49.229137491290324,63.97566589811155,0.08013888888888888,56.60240169470094,Unhealthy,2016-06-01
Dingling,2016,7,57.19608127084637,62.367819233711586,0.3666666666666667,59.781950252278975,Unhealthy,2016-07-01
Dingling,2016,8,37.58991259226503,45.034835734625354,0.06532258064516129,41.31237416344519,Unhealthy for Sensitive Groups,2016-08-01
Dingling,2016,9,45.35473864501807,52.77075702678964,0.07336467090001492,49.06274783590385,Unhealthy for Sensitive Groups,2016-09-01
Dingling,2016,10,72.38264396245263,81.47474765183391,0.11021505376344086,76.92869580714327,Unhealthy,2016-10-01
Dingling,2016,11,74.22703957026883,96.67011034255599,0.012777777777777777,85.44857495641241,Unhealthy,2016-11-01
Dingling,2016,12,84.51534405230665,98.49956728930256,0.0,91.5074556708046,Unhealthy,2016-12-01
Dingling,2017,1,74.25533399273327,86.49491823919419,0.000811372980051342,80.37512611596372,Unhealthy,2017-01-01
Dingling,2017,2,52.168060983909385,64.22907491059665,0.002976190476190476,58.19856794725302,Unhealthy,2017-02-01
Dongsi,2013,3,103.35375577525333,126.10977618792576,0.02096774193548387,114.73176598158955,Unhealthy,2013-03-01
Dongsi,2013,4,65.28568652331734,98.48263888888889,0.012222222222222223,81.88416270610311,Unhealthy,2013-04-01
Dongsi,2013,5,90.37552230319484,131.2654569892473,0.003360215053763441,110.82048964622106,Unhealthy,2013-05-01
Dongsi,2013,6,104.74285383597883,113.99352325265053,0.09791666666666667,109.36818854431468,Unhealthy,2013-06-01
Dongsi,2013,7,73.90172840829256,81.54445104848914,0.2639784946236559,77.72308972839085,Unhealthy,2013-07-01
Dongsi,2013,8,66.00932480143845,87.86110700484153,0.07258064516129033,76.93521590313999,Unhealthy,2013-08-01
Dongsi,2013,9,84.84583333333333,100.2439909497455,0.07666666666666667,92.54491214153941,Unhealthy,2013-09-01
Dongsi,2013,10,99.38877152323796,107.74530944317894,0.030645161290322583,103.56704048320844,Unhealthy,2013-10-01
Dongsi,2013,11,81.02137304663468,99.43935658598386,0.0,90.23036481630928,Unhealthy,2013-11-01
Dongsi,2013,12,80.48749233439312,92.40725806451613,0.0,86.44737519945463,Unhealthy,2013-12-01
Dongsi,2014,1,96.68003087081294,105.87571327577338,0.0,101.27787207329317,Unhealthy,2014-01-01
Dongsi,2014,2,128.6734824889258,136.12905448280122,0.01011904761904762,132.4012684858635,Unhealthy,2014-02-01
Dongsi,2014,3,96.40845241072172,126.36806013697363,0.0008064516129032258,111.38825627384767,Unhealthy,2014-03-01
Dongsi,2014,4,89.69579372769779,143.13752840479205,0.02791666666666667,116.41666106624493,Unhealthy,2014-04-01
Dongsi,2014,5,64.35152858155014,121.206981095789,0.08104838709677419,92.77925483866957,Unhealthy,2014-05-01
Dongsi,2014,6,57.859142903285345,77.14399094974549,0.18277777777777776,67.50156692651541,Unhealthy,2014-06-01
Dongsi,2014,7,98.98532646554496,99.25673417436172,0.09233870967741936,99.12103031995335,Unhealthy,2014-07-01
Dongsi,2014,8,69.59286101287228,81.96810952125908,0.08064516129032258,75.78048526706567,Unhealthy,2014-08-01
Dongsi,2014,9,67.88400401439645,94.93088436376163,0.15430555555555556,81.40744418907904,Unhealthy,2014-09-01
Dongsi,2014,10,109.91285723216518,150.17093210190424,0.020026881720430108,130.0418946670347,Unhealthy,2014-10-01
Dongsi,2014,11,79.47536913990403,125.17136626325262,0.0011111111111111111,102.32336770157832,Unhealthy,2014-11-01
Dongsi,2014,12,53.8010180372474,97.25849267165245,0.0,75.52975535444992,Unhealthy,2014-12-01
Dongsi,2015,1,96.32435504709511,113.90487994244005,0.0003548649439782614,105.11461749476757,Unhealthy,2015-01-01
Dongsi,2015,2,102.68849074513525,122.52382474066239,0.013041695711785458,112.60615774289883,Unhealthy,2015-02-01
Dongsi,2015,3,91.4011253557437,152.9773399232534,0.008870967741935484,122.18923263949856,Unhealthy,2015-03-01
Dongsi,2015,4,76.75157953426849,120.3234269709497,0.055694444444444435,98.5375032526091,Unhealthy,2015-04-01
Dongsi,2015,5,61.017243150073234,92.21058263953866,0.050134408602150536,76.61391289480595,Unhealthy,2015-05-01
Dongsi,2015,6,66.22546050203027,82.26106585983857,0.13625,74.24326318093442,Unhealthy,2015-06-01
Dongsi,2015,7,69.19298775586753,82.67854400794137,0.2701612903225806,75.93576588190444,Unhealthy,2015-07-01
Dongsi,2015,8,49.71098317734195,69.07035882746439,0.12580645161290324,59.39067100240317,Unhealthy,2015-08-01
Dongsi,2015,9,54.63742078872893,70.95603745504654,0.13722222222222222,62.796729121887736,Unhealthy,2015-09-01
Dongsi,2015,10,74.13298786006025,103.13712426270197,0.019086021505376343,88.6350560613811,Unhealthy,2015-10-01
Dongsi,2015,11,114.49382551987203,125.3217971323153,0.052222222222222225,119.90781132609366,Unhealthy,2015-11-01
Dongsi,2015,12,130.13489257731098,147.47897472225623,0.0028225806451612906,138.80693364978362,Unhealthy,2015-12-01
Dongsi,2016,1,66.5573848075114,85.837146158479,0.0006720430107526882,76.19726548299519,Unhealthy,2016-01-01
Dongsi,2016,2,39.60284898041012,56.830958286829755,0.018103448275862067,48.216903633619935,Unhealthy for Sensitive Groups,2016-02-01
Dongsi,2016,3,92.94537287595709,137.3502443626358,0.0,115.14780861929646,Unhealthy,2016-03-01
Dongsi,2016,4,76.48923057401255,115.64803028583479,0.006666666666666668,96.06863042992367,Unhealthy,2016-04-01
Dongsi,2016,5,64.07414398242418,82.47565573996509,0.04583333333333334,73.27489986119463,Unhealthy,2016-05-01
Dongsi,2016,6,63.50924695459579,77.128983017492,0.09916666666666668,70.3191149860439,Unhealthy,2016-06-01
Dongsi,2016,7,79.73100804963146,84.20386315972809,0.42338709677419356,81.96743560467976,Unhealthy,2016-07-01
Dongsi,2016,8,51.38302618809464,58.2473255722112,0.07244623655913979,54.81517588015292,Unhealthy for Sensitive Groups,2016-08-01
Dongsi,2016,9,62.27781000061524,73.69644305438845,0.1604835230947761,67.98712652750184,Unhealthy,2016-09-01
Dongsi,2016,10,92.61606822836661,119.0617734551209,0.1174731182795699,105.83892084174376,Unhealthy,2016-10-01
Dongsi,2016,11,105.0834484588409,136.17430555555555,0.007361111111111111,120.62887700719823,Unhealthy,2016-11-01
Dongsi,2016,12,127.08142861608259,163.2450762660059,0.0,145.16325244104425,Unhealthy,2016-12-01
Dongsi,2017,1,106.09098695804903,131.56609339222683,0.0013497509429006608,118.82854017513793,Unhealthy,2017-01-01
Dongsi,2017,2,74.04261102212202,100.4194759978185,0.006101190476190475,87.23104350997025,Unhealthy,2017-02-01
Guanyuan,2013,3,98.73924731182795,124.54777769628274,0.02620967741935484,111.64351250405534,Unhealthy,2013-03-01
Guanyuan,2013,4,59.5872223834959,96.01812028615883,0.01513888888888889,77.80267133482737,Unhealthy,2013-04-01
Guanyuan,2013,5,80.94238574956675,132.11761025502514,0.0077956989247311825,106.52999800229594,Unhealthy,2013-05-01
Guanyuan,2013,6,103.92472238349589,120.39447680974608,0.13069444444444445,112.15959959662098,Unhealthy,2013-06-01
Guanyuan,2013,7,69.47957238961389,80.99875260590086,0.2938172043010753,75.23916249775738,Unhealthy,2013-07-01
Guanyuan,2013,8,61.564516129032256,82.06589153631342,0.15806451612903225,71.81520383267284,Unhealthy,2013-08-01
Guanyuan,2013,9,78.90824079449862,99.85347222222222,0.07833333333333334,89.38085650836042,Unhealthy,2013-09-01
Guanyuan,2013,10,93.39363809687907,118.06992379437793,0.003763440860215054,105.7317809456285,Unhealthy,2013-10-01
Guanyuan,2013,11,78.31657412783196,105.57989347641275,0.0,91.94823380212236,Unhealthy,2013-11-01
Guanyuan,2013,12,78.9757168979019,105.16666666666667,0.0,92.07119178228429,Unhealthy,2013-12-01
Guanyuan,2014,1,93.13458848992903,125.00901845047662,0.0,109.07180347020282,Unhealthy,2014-01-01
Guanyuan,2014,2,124.34295767395439,138.2454852088446,0.008482142857142858,131.2942214413995,Unhealthy,2014-02-01
Guanyuan,2014,3,91.70940875822183,129.44623655913978,0.0012096774193548388,110.5778226586808,Unhealthy,2014-03-01
Guanyuan,2014,4,90.36703762837384,134.09678670019088,0.016666666666666666,112.23191216428236,Unhealthy,2014-04-01
Guanyuan,2014,5,63.631496779936974,122.59891560761925,0.08588709677419355,93.1152061937781,Unhealthy,2014-05-01
Guanyuan,2014,6,59.56648158899727,76.42364347641275,0.26319444444444445,67.995062532705,Unhealthy,2014-06-01
Guanyuan,2014,7,88.13414150173053,110.45856960685242,0.08158602150537635,99.29635555429147,Unhealthy,2014-07-01
Guanyuan,2014,8,74.659233396511,87.88708765063,0.10981182795698925,81.2731605235705,Unhealthy,2014-08-01
Guanyuan,2014,9,70.6893058781029,88.47057849317486,0.09388888888888888,79.57994218563888,Unhealthy,2014-09-01
Guanyuan,2014,10,116.76406851654855,142.02370943293425,0.017741935483870968,129.3938889747414,Unhealthy,2014-10-01
Guanyuan,2014,11,84.09791731176136,112.92646712942913,0.0009722222222222222,98.51219222059524,Unhealthy,2014-11-01
Guanyuan,2014,12,59.071774661762284,83.22804182946271,0.0,71.1499082456125,Unhealthy,2014-12-01
Guanyuan,2015,1,91.62939140933631,103.97201564006203,0.000359436769505126,97.80070352469917,Unhealthy,2015-01-01
Guanyuan,2015,2,90.3048612263066,111.5156943542178,0.010516995470999723,100.9102777902622,Unhealthy,2015-02-01
Guanyuan,2015,3,83.98673887149215,132.86281321259648,0.008870967741935484,108.42477604204431,Unhealthy,2015-03-01
Guanyuan,2015,4,73.1738895339836,117.15108282806409,0.055694444444444435,95.16248618102384,Unhealthy,2015-04-01
Guanyuan,2015,5,56.295072829110666,106.87851682135202,0.050134408602150536,81.58679482523135,Unhealthy,2015-05-01
Guanyuan,2015,6,62.18138921143624,83.8092219695876,0.13625,72.99530559051192,Unhealthy,2015-06-01
Guanyuan,2015,7,67.82177466176229,80.65005351895574,0.2701612903225806,74.23591409035902,Unhealthy,2015-07-01
Guanyuan,2015,8,51.68718695218974,70.15894668439377,0.12580645161290324,60.92306681829176,Unhealthy,2015-08-01
Guanyuan,2015,9,53.74351905609743,68.81824974736539,0.13722222222222222,61.28088440173141,Unhealthy,2015-09-01
Guanyuan,2015,10,69.81039431725674,93.2627688172043,0.019086021505376343,81.53658156723051,Unhealthy,2015-10-01
Guanyuan,2015,11,111.78787096170718,121.9419579543814,0.052222222222222225,116.8649144580443,Unhealthy,2015-11-01
Guanyuan,2015,12,125.04892519939668,143.2992783886025,0.0028225806451612906,134.17410179399957,Unhealthy,2015-12-01
Guanyuan,2016,1,64.4528674355363,82.88107970835642,0.0006720430107526882,73.66697357194636,Unhealthy,2016-01-01
Guanyuan,2016,2,38.461015436893724,53.367883054647066,0.018103448275862067,45.9144492457704,Unhealthy for Sensitive Groups,2016-02-01
Guanyuan,2016,3,87.7758070758981,137.41969937256582,0.0,112.59775322423195,Unhealthy,2016-03-01
Guanyuan,2016,4,73.90703778964752,126.22813379609579,0.006666666666666668,100.06758579287165,Unhealthy,2016-04-01
Guanyuan,2016,5,57.10421183370041,98.81681414940135,0.04583333333333334,77.96051299155089,Unhealthy,2016-05-01
Guanyuan,2016,6,66.3745373058265,86.25565265146048,0.09916666666666668,76.31509497864349,Unhealthy,2016-06-01
Guanyuan,2016,7,78.506006341489,87.8586544470678,0.42338709677419356,83.18233039427841,Unhealthy,2016-07-01
Guanyuan,2016,8,49.18790338187775,65.6855778347467,0.07244623655913979,57.43674060831222,Unhealthy,2016-08-01
Guanyuan,2016,9,58.781019862465804,78.03268884638211,0.16051659263275375,68.40685435442396,Unhealthy,2016-09-01
Guanyuan,2016,10,86.00976759735103,110.51033121523848,0.1174731182795699,98.26004940629475,Unhealthy,2016-10-01
Guanyuan,2016,11,103.58037047788615,140.8854490319683,0.007361111111111111,122.23290975492722,Unhealthy,2016-11-01
Guanyuan,2016,12,122.02777803789661,147.80177863308762,0.0,134.91477833549212,Unhealthy,2016-12-01
Guanyuan,2017,1,96.12571799040099,119.90866479305694,0.0014000410236961705,108.01719139172897,Unhealthy,2017-01-01
Guanyuan,2017,2,70.77966448394267,89.94973570466153,0.006101190476190475,80.3647000943021,Unhealthy,2017-02-01
Gucheng,2013,3,104.51293682795699,141.7248788877077,0.020161290322580645,123.11890785783234,Unhealthy,2013-03-01
Gucheng,2013,4,66.2335476591706,109.90545788522715,0.013888888888888888,88.06950277219887,Unhealthy,2013-04-01
Gucheng,2013,5,81.49761433908364,147.93168262223847,0.010349462365591398,114.71464848066105,Unhealthy,2013-05-01
Gucheng,2013,6,102.4209119561954,130.8436776582828,0.09916666666666668,116.63229480723909,Unhealthy,2013-06-01
Gucheng,2013,7,64.15105027369087,83.76886270085528,0.2971774193548387,73.95995648727308,Unhealthy,2013-07-01
Gucheng,2013,8,58.675540442235466,89.7482848884164,0.0913978494623656,74.21191266532594,Unhealthy,2013-08-01
Gucheng,2013,9,78.95493925981883,100.51091941457071,0.15833333333333333,89.73292933719478,Unhealthy,2013-09-01
Gucheng,2013,10,92.69086021505376,119.6236559139785,0.009005376344086023,106.15725806451613,Unhealthy,2013-10-01
Gucheng,2013,11,76.19952549457325,93.87064163679293,0.0002777777777777778,85.0350835656831,Unhealthy,2013-11-01
Gucheng,2013,12,78.92069892473118,99.06720430107526,0.0,88.99395161290323,Unhealthy,2013-12-01
Gucheng,2014,1,95.40842870767484,119.50050751522468,0.0,107.45446811144976,Unhealthy,2014-01-01
Gucheng,2014,2,129.49590172397333,141.9899398360388,0.011011904761904763,135.74292078000605,Unhealthy,2014-02-01
Gucheng,2014,3,96.13301425056093,151.0168220602638,0.001075268817204301,123.57491815541236,Unhealthy,2014-03-01
Gucheng,2014,4,92.43501189017698,169.334382198131,0.01916666666666667,130.884697044154,Unhealthy,2014-04-01
Gucheng,2014,5,69.37788435283613,147.99845149726292,0.07043010752688172,108.68816792504953,Unhealthy,2014-05-01
Gucheng,2014,6,57.29439530994763,91.625,0.11972222222222223,74.45969765497381,Unhealthy,2014-06-01
Gucheng,2014,7,91.13032879457299,136.94836819283967,0.09395161290322579,114.03934849370633,Unhealthy,2014-07-01
Gucheng,2014,8,65.35485555663858,106.49872031446722,0.05322580645161291,85.92678793555291,Unhealthy,2014-08-01
Gucheng,2014,9,72.25056135839775,114.81902777777778,0.05708333333333333,93.53479456808776,Unhealthy,2014-09-01
Gucheng,2014,10,114.48522909289775,159.81261550466763,0.015860215053763442,137.14892229878268,Unhealthy,2014-10-01
Gucheng,2014,11,85.95043117377213,133.08062210272723,0.0002777777777777778,109.51552663824968,Unhealthy,2014-11-01
Gucheng,2014,12,58.7146815155017,98.21375517397355,0.0,78.46421834473763,Unhealthy,2014-12-01
Gucheng,2015,1,90.97262547861928,113.11212897443791,0.00025989014885999283,102.0423772265286,Unhealthy,2015-01-01
Gucheng,2015,2,92.0624659062845,120.27827380952381,0.014110734239728272,106.17036985790415,Unhealthy,2015-02-01
Gucheng,2015,3,86.88430507964387,152.0035212162756,0.00040322580645161296,119.44391314795973,Unhealthy,2015-03-01
Gucheng,2015,4,72.09202839599435,124.45043040618683,0.041805555555555554,98.27122940109058,Unhealthy,2015-04-01
Gucheng,2015,5,58.240695103899746,113.16536807719936,0.046370967741935484,85.70303159054956,Unhealthy,2015-05-01
Gucheng,2015,6,65.37144120929939,95.31355250891407,0.11486111111111111,80.34249685910673,Unhealthy,2015-06-01
Gucheng,2015,7,61.630177539009665,85.08870967741936,0.2537634408602151,73.35944360821452,Unhealthy,2015-07-01
Gucheng,2015,8,46.811183992247116,75.70569065784453,0.14327956989247312,61.25843732504582,Unhealthy,2015-08-01
Gucheng,2015,9,50.23519111446853,76.54870513732313,0.2633333333333333,63.39194812589582,Unhealthy,2015-09-01
Gucheng,2015,10,72.45034444498596,108.9472096195992,0.01881720430107527,90.69877703229258,Unhealthy,2015-10-01
Gucheng,2015,11,116.71197964082101,134.40545424111076,0.06694444444444445,125.5587169409659,Unhealthy,2015-11-01
Gucheng,2015,12,131.3765401750428,157.91230887959426,0.005376344086021506,144.64442452731853,Unhealthy,2015-12-01
Gucheng,2016,1,74.02235946924183,95.96046496703322,0.0,84.99141221813753,Unhealthy,2016-01-01
Gucheng,2016,2,42.6156759268907,59.52343375352661,0.011637931034482758,51.06955484020865,Unhealthy for Sensitive Groups,2016-02-01
Gucheng,2016,3,88.58142091035135,146.3984969938171,0.0,117.48995895208424,Unhealthy,2016-03-01
Gucheng,2016,4,72.01143821304744,132.65584127830797,0.009305555555555556,102.33363974567771,Unhealthy,2016-04-01
Gucheng,2016,5,60.31553551662765,102.65619048438406,0.03400537634408602,81.48586300050584,Unhealthy,2016-05-01
Gucheng,2016,6,64.89265919883653,97.61867765828279,0.07722222222222222,81.25566842855966,Unhealthy,2016-06-01
Gucheng,2016,7,70.29585018029451,93.25213163369989,0.4786290322580645,81.7739909069972,Unhealthy,2016-07-01
Gucheng,2016,8,48.36902724068489,76.031701526173,0.09018817204301074,62.20036438342895,Unhealthy,2016-08-01
Gucheng,2016,9,61.657199485007844,92.94760197118664,0.10687662402558465,77.30240072809724,Unhealthy,2016-09-01
Gucheng,2016,10,89.79352882408055,111.73484402820135,0.1349462365591398,100.76418642614095,Unhealthy,2016-10-01
Gucheng,2016,11,100.7808854640821,141.15239438469695,0.018611111111111113,120.96663992438953,Unhealthy,2016-11-01
Gucheng,2016,12,114.17697419517295,150.33259128220917,0.0,132.25478273869106,Unhealthy,2016-12-01
Gucheng,2017,1,102.77362792748168,130.5088520638074,0.0008663004961999759,116.64123999564455,Unhealthy,2017-01-01
Gucheng,2017,2,70.62584031464364,98.15999347148252,0.005803571428571429,84.39291689306307,Unhealthy,2017-02-01
Huairou,2013,3,89.73693557922695,112.76740332082979,0.01747311827956989,101.25216945002836,Unhealthy,2013-03-01
Huairou,2013,4,57.06076768572536,93.44786858397903,0.017499999999999998,75.2543181348522,Unhealthy,2013-04-01
Huairou,2013,5,70.96980785058773,121.2310245411048,0.005241935483870967,96.10041619584626,Unhealthy,2013-05-01
Huairou,2013,6,75.57382458900518,112.71805555555555,0.1838888888888889,94.14594007228037,Unhealthy,2013-06-01
Huairou,2013,7,62.0994623655914,86.01944271567862,0.3275537634408602,74.05945254063501,Unhealthy,2013-07-01
Huairou,2013,8,56.12903225806452,75.05909325331304,0.10094086021505376,65.59406275568878,Unhealthy,2013-08-01
Huairou,2013,9,67.49114773175157,88.33194444444445,0.05291666666666667,77.911546088098,Unhealthy,2013-09-01
Huairou,2013,10,75.02856550231486,96.13172043010752,0.016666666666666666,85.58014296621118,Unhealthy,2013-10-01
Huairou,2013,11,56.8744810650849,74.65275373643395,0.0,65.76361740075943,Unhealthy,2013-11-01
Huairou,2013,12,58.42899207851785,70.20694005000799,0.0,64.31796606426292,Unhealthy,2013-12-01
Huairou,2014,1,84.1920564992909,102.2753515078758,0.0,93.23370400358334,Unhealthy,2014-01-01
Huairou,2014,2,121.89645442365331,133.29097118493473,0.006696428571428571,127.59371280429403,Unhealthy,2014-02-01
Huairou,2014,3,85.88457845008216,117.34341397849462,0.006586021505376344,101.61399621428839,Unhealthy,2014-03-01
Huairou,2014,4,84.12917426033961,124.75900373643397,0.019583333333333335,104.44408899838679,Unhealthy,2014-04-01
Huairou,2014,5,53.50798415703571,90.93262750686725,0.05981182795698925,72.22030583195148,Unhealthy,2014-05-01
Huairou,2014,6,48.69964053221671,69.58203234624072,0.13041666666666668,59.14083643922872,Unhealthy,2014-06-01
Huairou,2014,7,93.22307075130749,114.27056185045839,0.16680107526881718,103.74681630088294,Unhealthy,2014-07-01
Huairou,2014,8,55.4582724118887,75.15895099274279,0.06491935483870967,65.30861170231574,Unhealthy,2014-08-01
Huairou,2014,9,60.45386120964564,76.49398765891186,0.12263888888888888,68.47392443427876,Unhealthy,2014-09-01
Huairou,2014,10,89.8819123241864,114.39831211302695,0.03575268817204301,102.14011221860667,Unhealthy,2014-10-01
Huairou,2014,11,65.14142550952936,89.50372595865618,0.000327610201821119,77.32257573409277,Unhealthy,2014-11-01
Huairou,2014,12,45.040338582325944,67.66642363590577,0.013892310947998933,56.35338110911586,Unhealthy,2014-12-01
Huairou,2015,1,76.66114252079628,93.13247516378978,0.0023485704290478917,84.89680884229303,Unhealthy,2015-01-01
Huairou,2015,2,75.98174380105007,95.29756178848154,0.01432549572286854,85.63965279476581,Unhealthy,2015-02-01
Huairou,2015,3,83.83664471587541,128.3717405551369,0.0,106.10419263550617,Unhealthy,2015-03-01
Huairou,2015,4,69.42645723194538,97.4431650439266,0.03875,83.43481113793598,Unhealthy,2015-04-01
Huairou,2015,5,52.35783848696995,87.30721153288293,0.052822580645161286,69.83252500992644,Unhealthy,2015-05-01
Huairou,2015,6,54.456791715933925,69.3852243359161,0.11555555555555556,61.92100802592502,Unhealthy,2015-06-01
Huairou,2015,7,52.394836291890826,63.5382831857963,0.39919354838709675,57.966559738843564,Unhealthy,2015-07-01
Huairou,2015,8,38.489601705122716,57.3123604051004,0.14301075268817204,47.90098105511156,Unhealthy for Sensitive Groups,2015-08-01
Huairou,2015,9,43.551587179437064,52.85680019638152,0.11833333333333333,48.204193687909296,Unhealthy for Sensitive Groups,2015-09-01
Huairou,2015,10,60.09564404775302,77.58184965241223,0.011021505376344087,68.83874685008263,Unhealthy,2015-10-01
Huairou,2015,11,92.94672606832596,98.41288190697479,0.06833333333333334,95.67980398765037,Unhealthy,2015-11-01
Huairou,2015,12,104.27925959147288,116.88290165541284,0.0028225806451612906,110.58108062344286,Unhealthy,2015-12-01
Huairou,2016,1,57.48976420433859,66.7283782945729,0.0017473118279569893,62.10907124945575,Unhealthy,2016-01-01
Huairou,2016,2,39.13924124317601,48.14355380914116,0.014655172413793103,43.641397526158585,Unhealthy for Sensitive Groups,2016-02-01
Huairou,2016,3,72.21339202770335,107.94062755688776,0.0,90.07700979229556,Unhealthy,2016-03-01
Huairou,2016,4,56.732348619213745,105.25557684237303,0.016527777777777777,80.99396273079338,Unhealthy,2016-04-01
Huairou,2016,5,47.69642110450292,80.13350390097378,0.051075268817204304,63.91496250273835,Unhealthy,2016-05-01
Huairou,2016,6,47.02760986192138,68.34298343152409,0.20805555555555558,57.68529664672273,Unhealthy,2016-06-01
Huairou,2016,7,58.39888324738685,67.74295384846008,0.31223118279569895,63.07091854792346,Unhealthy,2016-07-01
Huairou,2016,8,41.88576738560355,52.44204144035907,0.09637096774193549,47.16390441298131,Unhealthy for Sensitive Groups,2016-08-01
Huairou,2016,9,47.028204733565914,57.905934708004004,0.10774385792859614,52.46706972078496,Unhealthy for Sensitive Groups,2016-09-01
Huairou,2016,10,74.86089444548995,91.7371846511625,0.09260752688172044,83.29903954832622,Unhealthy,2016-10-01
Huairou,2016,11,80.7682310650849,112.61455929198952,0.018472222222222223,96.69139517853722,Unhealthy,2016-11-01
Huairou,2016,12,80.3939870522327,100.53629032258064,0.0,90.46513868740666,Unhealthy,2016-12-01
Huairou,2017,1,77.29200636252992,95.00532981245281,0.0024398871933699385,86.14866808749136,Unhealthy,2017-01-01
Huairou,2017,2,57.16260288103544,72.58748851605564,0.006845238095238094,64.87504569854553,Unhealthy,2017-02-01
Nongzhanguan,2013,3,101.46639784946237,121.79703104270392,0.02096774193548387,111.63171444608315,Unhealthy,2013-03-01
Nongzhanguan,2013,4,57.265769349905135,96.99304318857183,0.012222222222222223,77.12940626923849,Unhealthy,2013-04-01
Nongzhanguan,2013,5,75.86246904027668,127.84071383840285,0.003360215053763441,101.85159143933976,Unhealthy,2013-05-01
Nongzhanguan,2013,6,104.50039598417678,106.4937005320651,0.09791666666666667,105.49704825812094,Unhealthy,2013-06-01
Nongzhanguan,2013,7,75.47112291525373,71.09407405345661,0.2639784946236559,73.28259848435516,Unhealthy,2013-07-01
Nongzhanguan,2013,8,68.10327753089102,74.93544796682146,0.07258064516129033,71.51936274885624,Unhealthy,2013-08-01
Nongzhanguan,2013,9,81.83727567080962,99.38747526603257,0.07666666666666667,90.61237546842109,Unhealthy,2013-09-01
Nongzhanguan,2013,10,94.28720022307238,110.44891276313403,0.030645161290322583,102.36805649310321,Unhealthy,2013-10-01
Nongzhanguan,2013,11,80.98288467495257,104.91873763301628,0.0,92.95081115398443,Unhealthy,2013-11-01
Nongzhanguan,2013,12,80.90704097175124,109.11693548387096,0.0,95.0119882278111,Unhealthy,2013-12-01
Nongzhanguan,2014,1,97.65911939493178,127.41856311521128,0.0,112.53884125507153,Unhealthy,2014-01-01
Nongzhanguan,2014,2,127.89597127037595,143.713303160552,0.01011904761904762,135.80463721546397,Unhealthy,2014-02-01
Nongzhanguan,2014,3,96.40638969345659,136.21774193548387,0.0008064516129032258,116.31206581447023,Unhealthy,2014-03-01
Nongzhanguan,2014,4,86.39434885649385,136.99699961651518,0.02791666666666667,111.69567423650452,Unhealthy,2014-04-01
Nongzhanguan,2014,5,64.43922729651514,126.64222178925552,0.08104838709677419,95.54072454288533,Unhealthy,2014-05-01
Nongzhanguan,2014,6,56.92365402485771,86.54298135365322,0.18277777777777776,71.73331768925547,Unhealthy,2014-06-01
Nongzhanguan,2014,7,82.84376622926494,110.24613160676665,0.09233870967741936,96.54494891801579,Unhealthy,2014-07-01
Nongzhanguan,2014,8,60.78002484271898,87.8511977093706,0.08064516129032258,74.31561127604479,Unhealthy,2014-08-01
Nongzhanguan,2014,9,64.95944483163613,95.45525589587827,0.15430555555555556,80.2073503637572,Unhealthy,2014-09-01
Nongzhanguan,2014,10,120.33592900090802,156.87610472504622,0.020026881720430108,138.60601686297713,Unhealthy,2014-10-01
Nongzhanguan,2014,11,93.68932778681224,125.93745623620097,0.0011111111111111111,109.81339201150661,Unhealthy,2014-11-01
Nongzhanguan,2014,12,69.75060030325854,107.53807905868638,0.0,88.64433968097245,Unhealthy,2014-12-01
Nongzhanguan,2015,1,100.11398906433253,125.43879621382645,0.0003548649439782614,112.77639263907949,Unhealthy,2015-01-01
Nongzhanguan,2015,2,96.16148132284044,119.15995698775554,0.013041695711785458,107.66071915529798,Unhealthy,2015-02-01
Nongzhanguan,2015,3,91.19485169308938,134.1023383385631,0.008870967741935484,112.64859501582623,Unhealthy,2015-03-01
Nongzhanguan,2015,4,77.50321667570114,112.5018702425421,0.055694444444444435,95.00254345912163,Unhealthy,2015-04-01
Nongzhanguan,2015,5,60.26495106396532,98.27547779416479,0.050134408602150536,79.27021442906505,Unhealthy,2015-05-01
Nongzhanguan,2015,6,63.75698735819105,82.82395357587544,0.13625,73.29047046703324,Unhealthy,2015-06-01
Nongzhanguan,2015,7,57.168052282120364,75.39246115023082,0.2701612903225806,66.28025671617559,Unhealthy,2015-07-01
Nongzhanguan,2015,8,42.32600315436334,64.60479083748235,0.12580645161290324,53.465396995922845,Unhealthy for Sensitive Groups,2015-08-01
Nongzhanguan,2015,9,53.876913614305444,63.574962899048835,0.13722222222222222,58.72593825667714,Unhealthy,2015-09-01
Nongzhanguan,2015,10,79.26680294877704,99.55308126208062,0.019086021505376343,89.40994210542883,Unhealthy,2015-10-01
Nongzhanguan,2015,11,117.33843047005072,125.64202720255057,0.052222222222222225,121.49022883630064,Unhealthy,2015-11-01
Nongzhanguan,2015,12,130.52605487880274,144.75325250261488,0.0028225806451612906,137.63965369070883,Unhealthy,2015-12-01
Nongzhanguan,2016,1,66.26300667468529,77.41263440860214,0.0006720430107526882,71.83782054164371,Unhealthy,2016-01-01
Nongzhanguan,2016,2,40.597237020065876,50.892215792447466,0.018103448275862067,45.744726406256675,Unhealthy for Sensitive Groups,2016-02-01
Nongzhanguan,2016,3,87.88808973354966,127.96493408295322,0.0,107.92651190825144,Unhealthy,2016-03-01
Nongzhanguan,2016,4,71.3475752926524,106.45053367365603,0.006666666666666668,88.8990544831542,Unhealthy,2016-04-01
Nongzhanguan,2016,5,54.93985781009372,81.82646928664063,0.04583333333333334,68.38316354836718,Unhealthy,2016-05-01
Nongzhanguan,2016,6,61.646773563841464,76.57638888888889,0.09916666666666668,69.11158122636517,Unhealthy,2016-06-01
Nongzhanguan,2016,7,70.83315777000064,76.00264029984795,0.42338709677419356,73.41789903492429,Unhealthy,2016-07-01
Nongzhanguan,2016,8,49.208116240568444,59.39784946236559,0.07244623655913979,54.30298285146702,Unhealthy for Sensitive Groups,2016-08-01
Nongzhanguan,2016,9,61.05989387720861,75.04139459302475,0.1604835230947761,68.05064423511668,Unhealthy,2016-09-01
Nongzhanguan,2016,10,85.18730367195121,107.21231771920279,0.1174731182795699,96.199810695577,Unhealthy,2016-10-01
Nongzhanguan,2016,11,102.13243601657182,139.13611111111112,0.007361111111111111,120.63427356384148,Unhealthy,2016-11-01
Nongzhanguan,2016,12,124.09091268889647,149.59516681045406,0.0,136.84303974967526,Unhealthy,2016-12-01
Nongzhanguan,2017,1,102.32214645963151,123.06985656897197,0.0013497509429006608,112.69600151430174,Unhealthy,2017-01-01
Nongzhanguan,2017,2,73.97959093542748,91.76908023130116,0.006101190476190475,82.87433558336431,Unhealthy,2017-02-01
Shunyi,2013,3,98.49371457266164,114.92668226485583,0.02029569892473118,106.71019841875874,Unhealthy,2013-03-01
Shunyi,2013,4,57.72773112223817,83.19682094294434,0.012777777777777779,70.46227603259126,Unhealthy,2013-04-01
Shunyi,2013,5,79.71770807259222,124.1676572934229,0.0020161290322580645,101.94268268300756,Unhealthy,2013-05-01
Shunyi,2013,6,102.87429389167066,112.03019031431478,0.15430555555555556,107.45224210299273,Unhealthy,2013-06-01
Shunyi,2013,7,76.29916244443164,71.41342048630712,0.2684139784946237,73.85629146536938,Unhealthy,2013-07-01
Shunyi,2013,8,59.577273658606,70.00268817204301,0.12043010752688171,64.7899809153245,Unhealthy,2013-08-01
Shunyi,2013,9,71.65208333333334,91.52361111111111,0.058472222222222224,81.58784722222222,Unhealthy,2013-09-01
Shunyi,2013,10,81.60954301075269,107.07021105686377,0.010483870967741934,94.33987703380822,Unhealthy,2013-10-01
Shunyi,2013,11,66.23401611389288,87.78227364764811,0.0,77.00814488077049,Unhealthy,2013-11-01
Shunyi,2013,12,61.40925161828728,73.98415467596763,0.0,67.69670314712745,Unhealthy,2013-12-01
Shunyi,2014,1,88.43466508875981,108.0652975026698,0.0,98.2499812957148,Unhealthy,2014-01-01
Shunyi,2014,2,131.40659414299378,135.8736767696417,0.005952380952380952,133.64013545631775,Unhealthy,2014-02-01
Shunyi,2014,3,96.0100806451613,130.627688172043,0.00026881720430107527,113.31888440860214,Unhealthy,2014-03-01
Shunyi,2014,4,87.2798144555715,136.61769031431479,0.020416666666666666,111.94875238494313,Unhealthy,2014-04-01
Shunyi,2014,5,64.28754410755774,108.40140874358408,0.048118279569892466,86.34447642557092,Unhealthy,2014-05-01
Shunyi,2014,6,56.106145025035865,75.26133220020346,0.1061111111111111,65.68373861261966,Unhealthy,2014-06-01
Shunyi,2014,7,94.75748173119823,113.19038723820773,0.12284946236559138,103.97393448470298,Unhealthy,2014-07-01
Shunyi,2014,8,62.562589258079946,83.2644463779927,0.0771505376344086,72.91351781803633,Unhealthy,2014-08-01
Shunyi,2014,9,69.61436799475533,83.71867792392578,0.21444444444444447,76.66652295934055,Unhealthy,2014-09-01
Shunyi,2014,10,102.91724840863301,125.02946526591377,0.014247311827956988,113.9733568372734,Unhealthy,2014-10-01
Shunyi,2014,11,78.91894613058345,113.51535997798122,0.00125,96.21715305428233,Unhealthy,2014-11-01
Shunyi,2014,12,50.27808931192053,82.84539993607453,0.0,66.56174462399753,Unhealthy,2014-12-01
Shunyi,2015,1,92.04257262102558,103.99552454713226,0.0007316905947990438,98.01904858407892,Unhealthy,2015-01-01
Shunyi,2015,2,87.76335536608424,105.16435729944429,0.015640840204930687,96.46385633276427,Unhealthy,2015-02-01
Shunyi,2015,3,87.1047258333719,135.14589289741892,0.0014784946236559141,111.12530936539541,Unhealthy,2015-03-01
Shunyi,2015,4,73.90192003894468,106.97301425425889,0.050416666666666665,90.43746714660179,Unhealthy,2015-04-01
Shunyi,2015,5,58.22374517205844,83.92536835028667,0.0452434065196675,71.07455676117256,Unhealthy,2015-05-01
Shunyi,2015,6,64.5308672472581,78.72772108909234,0.16458333333333333,71.62929416817522,Unhealthy,2015-06-01
Shunyi,2015,7,62.294309688187475,72.01775682650528,0.33064516129032256,67.15603325734638,Unhealthy,2015-07-01
Shunyi,2015,8,44.29556347316457,59.6799331492828,0.07500000000000001,51.98774831122368,Unhealthy for Sensitive Groups,2015-08-01
Shunyi,2015,9,49.32281169170253,61.05372934935167,0.15763888888888888,55.1882705205271,Unhealthy for Sensitive Groups,2015-09-01
Shunyi,2015,10,68.99182260756545,87.44280659304646,0.012231182795698924,78.21731460030595,Unhealthy,2015-10-01
Shunyi,2015,11,108.87827393617887,114.85073534335123,0.05958333333333333,111.86450463976504,Unhealthy,2015-11-01
Shunyi,2015,12,123.22158230382901,135.13144142594925,0.0030913978494623655,129.17651186488914,Unhealthy,2015-12-01
Shunyi,2016,1,64.62293872044555,73.54226895863785,0.0016129032258064516,69.08260383954169,Unhealthy,2016-01-01
Shunyi,2016,2,45.09547358048451,51.24519997722196,0.013218390804597701,48.17033677885323,Unhealthy for Sensitive Groups,2016-02-01
Shunyi,2016,3,88.87274683072616,116.56618350286668,0.0,102.71946516679643,Unhealthy,2016-03-01
Shunyi,2016,4,74.97987905023116,108.56261783585069,0.007638888888888889,91.77124844304092,Unhealthy,2016-04-01
Shunyi,2016,5,51.38974586852257,72.53708110435305,0.07647849462365591,61.96341348643781,Unhealthy,2016-05-01
Shunyi,2016,6,56.42834391948829,65.55884758759223,0.15013888888888888,60.99359575354026,Unhealthy,2016-06-01
Shunyi,2016,7,64.15694201086069,71.96696996998119,0.2743279569892473,68.06195599042094,Unhealthy,2016-07-01
Shunyi,2016,8,46.79893497584888,58.63165067906796,0.050268817204301076,52.71529282745842,Unhealthy for Sensitive Groups,2016-08-01
Shunyi,2016,9,53.68037520863225,66.36880548151582,0.07345660500702914,60.02459034507403,Unhealthy,2016-09-01
Shunyi,2016,10,83.31942968026567,99.41129973071551,0.09274193548387097,91.36536470549059,Unhealthy,2016-10-01
Shunyi,2016,11,92.32359944722621,119.61041666666667,0.0020833333333333333,105.96700805694644,Unhealthy,2016-11-01
Shunyi,2016,12,104.01274624194319,119.31044899544796,0.0,111.66159761869557,Unhealthy,2016-12-01
Shunyi,2017,1,97.6088596801114,111.74494223965947,0.0008211619708685775,104.67690095988543,Unhealthy,2017-01-01
Shunyi,2017,2,68.70146194648835,80.42160471472168,0.005505952380952381,74.56153333060502,Unhealthy,2017-02-01
Tiantan,2013,3,99.7056380826275,117.09622448588037,0.02096774193548387,108.40093128425394,Unhealthy,2013-03-01
Tiantan,2013,4,60.60832601871508,90.48970974652083,0.012222222222222223,75.54901788261796,Unhealthy,2013-04-01
Tiantan,2013,5,79.8530442354278,135.0849829905869,0.003360215053763441,107.46901361300735,Unhealthy,2013-05-01
Tiantan,2013,6,106.85902046315952,130.2813764131875,0.09791666666666667,118.57019843817352,Unhealthy,2013-06-01
Tiantan,2013,7,69.38799047198695,84.11760752688173,0.2639784946236559,76.75279899943433,Unhealthy,2013-07-01
Tiantan,2013,8,64.13844086021506,82.398338269487,0.07258064516129033,73.26838956485102,Unhealthy,2013-08-01
Tiantan,2013,9,80.03725632748811,105.9803032812384,0.07666666666666667,93.00877980436326,Unhealthy,2013-09-01
Tiantan,2013,10,91.67024853650307,117.11693548387096,0.030645161290322583,104.393592010187,Unhealthy,2013-10-01
Tiantan,2013,11,78.49375,102.95953287846991,0.0,90.72664143923495,Unhealthy,2013-11-01
Tiantan,2013,12,79.4872311827957,99.13104838709677,0.0,89.30913978494624,Unhealthy,2013-12-01
Tiantan,2014,1,91.96814277307223,116.66184109874771,0.0,104.31499193590997,Unhealthy,2014-01-01
Tiantan,2014,2,119.860507972455,132.523743872676,0.01011904761904762,126.1921259225655,Unhealthy,2014-02-01
Tiantan,2014,3,91.02530890096314,124.10599955980959,0.0008064516129032258,107.56565423038637,Unhealthy,2014-03-01
Tiantan,2014,4,84.95924219181667,123.264646815956,0.02791666666666667,104.11194450388633,Unhealthy,2014-04-01
Tiantan,2014,5,66.49511165369132,112.56927299714141,0.08104838709677419,89.53219232541636,Unhealthy,2014-05-01
Tiantan,2014,6,61.0372416982516,83.13825792706712,0.18277777777777776,72.08774981265935,Unhealthy,2014-06-01
Tiantan,2014,7,91.96347386531107,115.68255156248878,0.09233870967741936,103.82301271389993,Unhealthy,2014-07-01
Tiantan,2014,8,66.2868114114455,83.7114993077374,0.08064516129032258,74.99915535959144,Unhealthy,2014-08-01
Tiantan,2014,9,68.15113790175874,85.08030328123841,0.15430555555555556,76.61572059149859,Unhealthy,2014-09-01
Tiantan,2014,10,108.5877381143349,135.29203474119393,0.020026881720430108,121.9398864277644,Unhealthy,2014-10-01
Tiantan,2014,11,83.8377144140389,116.73492459373378,0.0011111111111111111,100.28631950388635,Unhealthy,2014-11-01
Tiantan,2014,12,68.05006583820905,104.14851530886175,0.0,86.0992905735354,Unhealthy,2014-12-01
Tiantan,2015,1,96.03309752122505,111.76924511087589,0.0003548649439782614,103.90117131605047,Unhealthy,2015-01-01
Tiantan,2015,2,92.81844454386139,115.72821975074157,0.013041695711785458,104.27333214730149,Unhealthy,2015-02-01
Tiantan,2015,3,85.99382897340863,129.95447277214828,0.008870967741935484,107.97415087277845,Unhealthy,2015-03-01
Tiantan,2015,4,72.53375484679287,107.17529080553702,0.055694444444444435,89.85452282616495,Unhealthy,2015-04-01
Tiantan,2015,5,54.01409166723734,93.35208963708781,0.050134408602150536,73.68309065216258,Unhealthy,2015-05-01
Tiantan,2015,6,62.15181771696669,80.05703343052775,0.13625,71.10442557374722,Unhealthy,2015-06-01
Tiantan,2015,7,65.56066305377344,76.00091671369623,0.2701612903225806,70.78078988373483,Unhealthy,2015-07-01
Tiantan,2015,8,49.33460663272661,63.40396035275756,0.12580645161290324,56.369283492742085,Unhealthy,2015-08-01
Tiantan,2015,9,49.45760231579763,61.7897732291435,0.13722222222222222,55.62368777247056,Unhealthy,2015-09-01
Tiantan,2015,10,68.59161242558218,88.36895161290323,0.019086021505376343,78.48028201924271,Unhealthy,2015-10-01
Tiantan,2015,11,111.10390105030001,119.9760107534421,0.052222222222222225,115.53995590187105,Unhealthy,2015-11-01
Tiantan,2015,12,128.28581869836407,143.03079217740142,0.0028225806451612906,135.65830543788275,Unhealthy,2015-12-01
Tiantan,2016,1,68.87857479117358,85.5659825503965,0.0006720430107526882,77.22227867078504,Unhealthy,2016-01-01
Tiantan,2016,2,40.34338323775124,55.628722726285915,0.018103448275862067,47.98605298201858,Unhealthy for Sensitive Groups,2016-02-01
Tiantan,2016,3,84.86242452292706,119.35716094419128,0.0,102.10979273355917,Unhealthy,2016-03-01
Tiantan,2016,4,66.04066271814607,109.37222332633792,0.006666666666666668,87.70644302224198,Unhealthy,2016-04-01
Tiantan,2016,5,49.353480466330275,85.23289388774863,0.04583333333333334,67.29318717703946,Unhealthy,2016-05-01
Tiantan,2016,6,63.32219296374922,81.63093479511804,0.09916666666666668,72.47656387943363,Unhealthy,2016-06-01
Tiantan,2016,7,70.97489859649386,76.42668641128135,0.42338709677419356,73.70079250388761,Unhealthy,2016-07-01
Tiantan,2016,8,49.076141279009235,59.38428680105733,0.07244623655913979,54.23021404003328,Unhealthy for Sensitive Groups,2016-08-01
Tiantan,2016,9,57.484190989488916,70.23346085063652,0.1604835230947761,63.85882592006271,Unhealthy,2016-09-01
Tiantan,2016,10,79.66284190605914,96.66373435818771,0.1174731182795699,88.16328813212343,Unhealthy,2016-10-01
Tiantan,2016,11,97.86781919766192,126.4296717673588,0.007361111111111111,112.14874548251035,Unhealthy,2016-11-01
Tiantan,2016,12,123.49080597396929,155.8806819153181,0.0,139.6857439446437,Unhealthy,2016-12-01
Tiantan,2017,1,100.99237879343626,125.93878318547492,0.0013497509429006608,113.46558098945559,Unhealthy,2017-01-01
Tiantan,2017,2,69.7206897168019,94.42065838165422,0.006101190476190475,82.07067404922806,Unhealthy,2017-02-01
Wanliu,2013,3,105.10551075268818,140.09053557847486,0.02620967741935484,122.59802316558151,Unhealthy,2013-03-01
Wanliu,2013,4,66.47569286661668,108.33115171554533,0.01513888888888889,87.403422291081,Unhealthy,2013-04-01
Wanliu,2013,5,91.73689439782528,129.48243176773204,0.0077956989247311825,110.60966308277867,Unhealthy,2013-05-01
Wanliu,2013,6,116.41510219438197,113.23169873330777,0.13069444444444445,114.82340046384488,Unhealthy,2013-06-01
Wanliu,2013,7,75.50184773654705,80.36477668385614,0.2938172043010753,77.93331221020159,Unhealthy,2013-07-01
Wanliu,2013,8,67.02200902686963,85.72374276558645,0.15806451612903225,76.37287589622804,Unhealthy,2013-08-01
Wanliu,2013,9,84.90399266109861,101.33050641332821,0.07833333333333334,93.11724953721341,Unhealthy,2013-09-01
Wanliu,2013,10,99.26579224728765,125.66397849462365,0.003763440860215054,112.46488537095564,Unhealthy,2013-10-01
Wanliu,2013,11,85.09010377220973,112.74861111111112,0.0,98.91935744166042,Unhealthy,2013-11-01
Wanliu,2013,12,97.4831973978011,114.22235112257076,0.0,105.85277426018592,Unhealthy,2013-12-01
Wanliu,2014,1,103.09139479560218,134.16374070965267,0.0,118.62756775262743,Unhealthy,2014-01-01
Wanliu,2014,2,132.1763308330656,147.30182698561023,0.008482142857142858,139.73907890933793,Unhealthy,2014-02-01
Wanliu,2014,3,95.05544278492206,146.0423387096774,0.0012096774193548388,120.54889074729974,Unhealthy,2014-03-01
Wanliu,2014,4,91.9803815499875,152.7201388888889,0.016666666666666666,122.3502602194382,Unhealthy,2014-04-01
Wanliu,2014,5,63.34751115046508,130.59869520859226,0.08548387096774193,96.97310317952866,Unhealthy,2014-05-01
Wanliu,2014,6,56.53506707770281,86.108284191106,0.26319444444444445,71.3216756344044,Unhealthy,2014-06-01
Wanliu,2014,7,91.22076536556722,121.93409222795204,0.08158602150537635,106.57742879675962,Unhealthy,2014-07-01
Wanliu,2014,8,66.09889074729973,103.36572580645162,0.10981182795698925,84.73230827687567,Unhealthy,2014-08-01
Wanliu,2014,9,66.30235953328337,96.90712393776755,0.09388888888888888,81.60474173552547,Unhealthy,2014-09-01
Wanliu,2014,10,111.77233817718962,151.53212163862557,0.017741935483870968,131.6522299079076,Unhealthy,2014-10-01
Wanliu,2014,11,86.94975102759037,133.73264534215065,0.0009722222222222222,110.3411981848705,Unhealthy,2014-11-01
Wanliu,2014,12,60.33853823107397,105.89612492039052,0.0,83.11733157573224,Unhealthy,2014-12-01
Wanliu,2015,1,93.64395008597313,122.20833333333333,0.000360568219614543,107.92614170965322,Unhealthy,2015-01-01
Wanliu,2015,2,90.1728037916265,120.35400870950737,0.010369438624097053,105.26340625056693,Unhealthy,2015-02-01
Wanliu,2015,3,83.69374618267479,146.23855048167593,0.0008064516129032258,114.96614833217535,Unhealthy,2015-03-01
Wanliu,2015,4,74.5485937550058,121.15735694204844,0.04597222222222223,97.85297534852711,Unhealthy,2015-04-01
Wanliu,2015,5,58.7716722418992,94.77409843439871,0.046505376344086025,76.77288533814895,Unhealthy,2015-05-01
Wanliu,2015,6,61.507289299925034,83.14115171554533,0.0636111111111111,72.32422050773519,Unhealthy,2015-06-01
Wanliu,2015,7,64.61675945673532,78.97110215053763,0.26411290322580644,71.79393080363647,Unhealthy,2015-07-01
Wanliu,2015,8,47.38860467191001,66.41691069672967,0.1086021505376344,56.90275768431984,Unhealthy,2015-08-01
Wanliu,2015,9,50.548952810936186,65.96414105328734,0.225,58.25654693211176,Unhealthy,2015-09-01
Wanliu,2015,10,65.67237368800276,87.09284329456429,0.02056451612903226,76.38260849128352,Unhealthy,2015-10-01
Wanliu,2015,11,107.59756549987506,115.57173079994888,0.07597222222222223,111.58464814991197,Unhealthy,2015-11-01
Wanliu,2015,12,126.12382125260353,141.77126759137312,0.005645161290322581,133.9475444219883,Unhealthy,2015-12-01
Wanliu,2016,1,65.2563836451371,80.95555004730194,0.00013440860215053763,73.10596684621953,Unhealthy,2016-01-01
Wanliu,2016,2,38.90301397690809,51.683653862042526,0.0117816091954023,45.29333391947531,Unhealthy for Sensitive Groups,2016-02-01
Wanliu,2016,3,85.62129841918555,132.7292680257471,0.0,109.17528322246633,Unhealthy,2016-03-01
Wanliu,2016,4,62.55624526651673,102.53765387994378,0.009444444444444445,82.54694957323025,Unhealthy,2016-04-01
Wanliu,2016,5,52.930271338576674,70.43049422792731,0.05994623655913979,61.68038278325199,Unhealthy,2016-05-01
Wanliu,2016,6,58.67690617210977,75.78988463995911,0.08902777777777778,67.23339540603445,Unhealthy,2016-06-01
Wanliu,2016,7,70.87802190315325,79.96548802148064,0.5020161290322581,75.42175496231695,Unhealthy,2016-07-01
Wanliu,2016,8,45.26226363974867,57.92794872686689,0.075,51.59510618330778,Unhealthy for Sensitive Groups,2016-08-01
Wanliu,2016,9,54.34756076639179,67.48502998210977,0.11816366567743408,60.91629537425078,Unhealthy,2016-09-01
Wanliu,2016,10,81.09626748916267,99.76670596128044,0.10793010752688172,90.43148672522156,Unhealthy,2016-10-01
Wanliu,2016,11,96.2697908777528,131.60625,0.019444444444444445,113.93802043887639,Unhealthy,2016-11-01
Wanliu,2016,12,113.49411695152827,138.9875703268471,0.0,126.24084363918769,Unhealthy,2016-12-01
Wanliu,2017,1,97.23521352683336,116.65706783653935,0.0011436697705986822,106.94614068168636,Unhealthy,2017-01-01
Wanliu,2017,2,68.6216458688602,85.81702385230976,0.006101190476190475,77.21933486058498,Unhealthy,2017-02-01
Wanshouxigong,2013,3,101.63440860215054,124.15456989247312,0.02365591397849462,112.89448924731184,Unhealthy,2013-03-01
Wanshouxigong,2013,4,78.82228926617785,94.04406035923142,0.014166666666666666,86.43317481270464,Unhealthy,2013-04-01
Wanshouxigong,2013,5,81.31790878470972,128.98387096774192,0.007661290322580646,105.15088987622582,Unhealthy,2013-05-01
Wanshouxigong,2013,6,104.59524897191186,117.20964849624059,0.10152777777777777,110.90244873407622,Unhealthy,2013-06-01
Wanshouxigong,2013,7,68.36700036511834,72.07280964508044,0.28024193548387094,70.21990500509939,Unhealthy,2013-07-01
Wanshouxigong,2013,8,59.48393584898931,81.73850392109306,0.0907258064516129,70.61121988504118,Unhealthy,2013-08-01
Wanshouxigong,2013,9,61.36829020940022,117.28055555555555,0.11499999999999999,89.32442288247789,Unhealthy,2013-09-01
Wanshouxigong,2013,10,95.08739803202153,131.90591397849462,0.017069892473118277,113.49665600525807,Unhealthy,2013-10-01
Wanshouxigong,2013,11,82.09031129975558,110.8343381370092,0.0008333333333333335,96.46232471838239,Unhealthy,2013-11-01
Wanshouxigong,2013,12,85.79841953739788,114.85379497129922,0.0,100.32610725434856,Unhealthy,2013-12-01
Wanshouxigong,2014,1,105.15742947772122,140.1471359851241,0.0,122.65228273142266,Unhealthy,2014-01-01
Wanshouxigong,2014,2,127.07502553766794,150.12250156641605,0.009821428571428573,138.598763552042,Unhealthy,2014-02-01
Wanshouxigong,2014,3,95.1801399675054,149.54935948742826,0.00013440860215053763,122.36474972746683,Unhealthy,2014-03-01
Wanshouxigong,2014,4,86.41531129975559,138.18850480367587,0.018055555555555554,112.30190805171573,Unhealthy,2014-04-01
Wanshouxigong,2014,5,61.28716157331276,115.60017099199612,0.09153225806451612,88.44366628265445,Unhealthy,2014-05-01
Wanshouxigong,2014,6,58.68079020940022,81.39221365914787,0.19805555555555554,70.03650193427404,Unhealthy,2014-06-01
Wanshouxigong,2014,7,85.73265664421517,110.46931502142453,0.0581989247311828,98.10098583281984,Unhealthy,2014-07-01
Wanshouxigong,2014,8,64.5665971393119,91.2603809928046,0.13817204301075267,77.91348906605825,Unhealthy,2014-08-01
Wanshouxigong,2014,9,72.14615895115611,97.63375,0.05472222222222222,84.88995447557807,Unhealthy,2014-09-01
Wanshouxigong,2014,10,105.98235065815163,138.5690512571752,0.01827956989247312,122.27570095766342,Unhealthy,2014-10-01
Wanshouxigong,2014,11,95.31348654028942,132.6656276106934,0.00041666666666666664,113.9895570754914,Unhealthy,2014-11-01
Wanshouxigong,2014,12,65.36139220843094,107.01857001374404,0.0,86.18998111108749,Unhealthy,2014-12-01
Wanshouxigong,2015,1,97.20685019260226,124.56414443366481,0.0005376344086021505,110.88549731313353,Unhealthy,2015-01-01
Wanshouxigong,2015,2,98.65933393969057,128.16733172216254,0.016911190713979986,113.41333283092655,Unhealthy,2015-02-01
Wanshouxigong,2015,3,86.23896455630144,147.06886369148677,0.008870967741935484,116.65391412389411,Unhealthy,2015-03-01
Wanshouxigong,2015,4,73.27490895115612,118.14646950710109,0.055694444444444435,95.7106892291286,Unhealthy,2015-04-01
Wanshouxigong,2015,5,53.486707322453,92.09038402457757,0.050134408602150536,72.78854567351529,Unhealthy,2015-05-01
Wanshouxigong,2015,6,59.758802641022655,81.20217251461989,0.13625,70.48048757782126,Unhealthy,2015-06-01
Wanshouxigong,2015,7,62.26376526645191,77.6715999676611,0.2701612903225806,69.96768261705651,Unhealthy,2015-07-01
Wanshouxigong,2015,8,47.75746656445231,68.51987589942598,0.12580645161290324,58.13867123193914,Unhealthy,2015-08-01
Wanshouxigong,2015,9,55.576106225267694,69.17093796992481,0.13722222222222222,62.37352209759625,Unhealthy,2015-09-01
Wanshouxigong,2015,10,71.28341671688217,97.64307381356618,0.019086021505376343,84.46324526522417,Unhealthy,2015-10-01
Wanshouxigong,2015,11,114.14061299755586,125.41490914786966,0.052222222222222225,119.77776107271276,Unhealthy,2015-11-01
Wanshouxigong,2015,12,132.6207266371193,153.24631295981888,0.0028225806451612906,142.9335197984691,Unhealthy,2015-12-01
Wanshouxigong,2016,1,72.77240450372064,87.30056087800145,0.0006720430107526882,80.03648269086105,Unhealthy,2016-01-01
Wanshouxigong,2016,2,43.30620787229901,54.66851676605307,0.018103448275862067,48.98736231917604,Unhealthy for Sensitive Groups,2016-02-01
Wanshouxigong,2016,3,88.60385147051645,127.2388905732072,0.0,107.92137102186183,Unhealthy,2016-03-01
Wanshouxigong,2016,4,68.03771064895639,109.80675417710944,0.006666666666666668,88.92223241303292,Unhealthy,2016-04-01
Wanshouxigong,2016,5,56.25663231832313,93.79146758024092,0.04583333333333334,75.02404994928202,Unhealthy,2016-05-01
Wanshouxigong,2016,6,66.77602469351335,85.24972410192147,0.09916666666666668,76.01287439771741,Unhealthy,2016-06-01
Wanshouxigong,2016,7,74.300760072667,82.2483705230819,0.42338709677419356,78.27456529787446,Unhealthy,2016-07-01
Wanshouxigong,2016,8,50.871129945053916,64.8718687848654,0.07244623655913979,57.87149936495966,Unhealthy,2016-08-01
Wanshouxigong,2016,9,59.24263880402312,71.64231829573934,0.16048644599800255,65.44247854988123,Unhealthy,2016-09-01
Wanshouxigong,2016,10,83.07677510634423,94.4753634085213,0.1174731182795699,88.77606925743277,Unhealthy,2016-10-01
Wanshouxigong,2016,11,102.8687835219778,133.1798611111111,0.007361111111111111,118.02432231654446,Unhealthy,2016-11-01
Wanshouxigong,2016,12,129.53914069774208,153.08826663432777,0.0,141.31370366603494,Unhealthy,2016-12-01
Wanshouxigong,2017,1,107.12503244062368,128.76844550893364,0.0013541959109409252,117.94673897477867,Unhealthy,2017-01-01
Wanshouxigong,2017,2,75.19293402864375,91.77460324919441,0.006101190476190475,83.48376863891909,Unhealthy,2017-02-01
